{
  "timestamp": "2026-03-18T17:35:05.728Z",
  "replications": "adaptive: 50/30/10 by batch size",
  "warmup": 3,
  "benchmarks": [
    {
      "config": "2-of-3 (all online)",
      "batchSize": "10KB",
      "batchSizeBytes": 10000,
      "fieldElements": 323,
      "shareGeneration": {
        "mean": 3.108930000000007,
        "stdev": 0.31568837595686405,
        "p50": 3.099899999999934,
        "p95": 3.694400000000087,
        "p99": 3.7712999999999965,
        "min": 2.685799999999972,
        "max": 3.7712999999999965,
        "ci95": [
          3.0214256465787073,
          3.196434353421307
        ]
      },
      "attestationPipeline": {
        "mean": 3.2053599999999847,
        "stdev": 0.3902811864409848,
        "p50": 3.1375000000000455,
        "p95": 3.907699999999977,
        "p99": 4.6189999999999145,
        "min": 2.7541000000001077,
        "max": 4.6189999999999145,
        "ci95": [
          3.0971795743872197,
          3.3135404256127496
        ]
      },
      "dataRecovery": {
        "mean": 24.95943,
        "stdev": 1.0874153115042346,
        "p50": 24.627200000000016,
        "p95": 27.18149999999997,
        "p99": 29.217199999999934,
        "min": 23.63040000000001,
        "max": 29.217199999999934,
        "ci95": [
          24.658013853633555,
          25.260846146366447
        ]
      },
      "onChainVerify": {
        "mean": 0.022901999999991176,
        "stdev": 0.013441156564662084,
        "p50": 0.0181999999999789,
        "p95": 0.04299999999989268,
        "p99": 0.09800000000001319
      },
      "storageOverhead": 3.9144,
      "allRecoveriesMatch": true
    },
    {
      "config": "2-of-3 (all online)",
      "batchSize": "100KB",
      "batchSizeBytes": 100000,
      "fieldElements": 3226,
      "shareGeneration": {
        "mean": 31.117273333333415,
        "stdev": 1.582257011455121,
        "p50": 31.003500000000713,
        "p95": 33.75729999999999,
        "p99": 35.91010000000006,
        "min": 28.267100000000028,
        "max": 35.91010000000006,
        "ci95": [
          30.55106993346289,
          31.68347673320394
        ]
      },
      "attestationPipeline": {
        "mean": 32.09342333333336,
        "stdev": 1.30173922614518,
        "p50": 31.894599999999627,
        "p95": 34.35100000000011,
        "p99": 35.929700000000594,
        "min": 28.825600000000122,
        "max": 35.929700000000594,
        "ci95": [
          31.62760193374266,
          32.559244732924064
        ]
      },
      "dataRecovery": {
        "mean": 250.5703933333334,
        "stdev": 5.654107115639575,
        "p50": 248.54449999999997,
        "p95": 265.21300000000065,
        "p99": 265.3593999999998,
        "min": 244.5983000000001,
        "max": 265.3593999999998,
        "ci95": [
          248.54709708693971,
          252.5936895797271
        ]
      },
      "onChainVerify": {
        "mean": 0.019646666666706853,
        "stdev": 0.004371674762639331,
        "p50": 0.018799999999828287,
        "p95": 0.023599999999532884,
        "p99": 0.042000000000371074
      },
      "storageOverhead": 3.87504,
      "allRecoveriesMatch": true
    },
    {
      "config": "2-of-3 (all online)",
      "batchSize": "500KB",
      "batchSizeBytes": 500000,
      "fieldElements": 16130,
      "shareGeneration": {
        "mean": 163.1570200000004,
        "stdev": 5.353138131932869,
        "p50": 162.58690000000206,
        "p95": 175.13229999999749,
        "p99": 175.13229999999749,
        "min": 157.01289999999972,
        "max": 175.13229999999749,
        "ci95": [
          159.83911061122464,
          166.47492938877613
        ]
      },
      "attestationPipeline": {
        "mean": 163.4640199999998,
        "stdev": 4.783496076162479,
        "p50": 162.61319999999978,
        "p95": 175.29599999999846,
        "p99": 175.29599999999846,
        "min": 159.2584999999999,
        "max": 175.29599999999846,
        "ci95": [
          160.49917841528608,
          166.42886158471353
        ]
      },
      "dataRecovery": {
        "mean": 1260.2916499999992,
        "stdev": 17.703865142658184,
        "p50": 1254.393,
        "p95": 1290.4165999999987,
        "p99": 1290.4165999999987,
        "min": 1239.9802999999993,
        "max": 1290.4165999999987,
        "ci95": [
          1249.3186807011039,
          1271.2646192988946
        ]
      },
      "onChainVerify": {
        "mean": 0.020279999999911525,
        "stdev": 0.0029917664788654194,
        "p50": 0.020099999999729334,
        "p95": 0.02839999999923748,
        "p99": 0.02839999999923748
      },
      "storageOverhead": 3.871968,
      "allRecoveriesMatch": true
    },
    {
      "config": "2-of-3 (all online)",
      "batchSize": "1MB",
      "batchSizeBytes": 1000000,
      "fieldElements": 32259,
      "shareGeneration": {
        "mean": 318.14885000000066,
        "stdev": 15.344737156088517,
        "p50": 319.47940000000017,
        "p95": 344.6211000000003,
        "p99": 344.6211000000003,
        "min": 300.5083999999988,
        "max": 344.6211000000003,
        "ci95": [
          308.6380833760692,
          327.65961662393215
        ]
      },
      "attestationPipeline": {
        "mean": 320.20388000000094,
        "stdev": 14.096024303075655,
        "p50": 324.9239000000016,
        "p95": 346.21420000000217,
        "p99": 346.21420000000217,
        "min": 303.6281000000017,
        "max": 346.21420000000217,
        "ci95": [
          311.4670736208428,
          328.94068637915905
        ]
      },
      "dataRecovery": {
        "mean": 2482.12121,
        "stdev": 52.66628658948214,
        "p50": 2512.2832999999955,
        "p95": 2536.2348999999995,
        "p99": 2536.2348999999995,
        "min": 2399.001599999996,
        "max": 2536.2348999999995,
        "ci95": [
          2449.4783073809144,
          2514.764112619085
        ]
      },
      "onChainVerify": {
        "mean": 0.020529999999416758,
        "stdev": 0.0014719978878902694,
        "p50": 0.02079999999841675,
        "p95": 0.023199999999633292,
        "p99": 0.023199999999633292
      },
      "storageOverhead": 3.871464,
      "allRecoveriesMatch": true
    },
    {
      "config": "3-of-3 (all online)",
      "batchSize": "10KB",
      "batchSizeBytes": 10000,
      "fieldElements": 323,
      "shareGeneration": {
        "mean": 5.295505999999441,
        "stdev": 0.8792612171144604,
        "p50": 5.024900000003981,
        "p95": 6.431899999995949,
        "p99": 9.941099999996368,
        "min": 4.764400000000023,
        "max": 9.941099999996368,
        "ci95": [
          5.0517872249295,
          5.539224775069382
        ]
      },
      "attestationPipeline": {
        "mean": 5.324396000000852,
        "stdev": 0.6504093577410114,
        "p50": 5.091500000009546,
        "p95": 7.067000000002736,
        "p99": 7.518199999998615,
        "min": 4.749600000010105,
        "max": 7.518199999998615,
        "ci95": [
          5.1441117239777565,
          5.504680276023947
        ]
      },
      "dataRecovery": {
        "mean": 195.73996599999793,
        "stdev": 2.427053140493655,
        "p50": 195.02539999999863,
        "p95": 200.21579999999813,
        "p99": 203.5228999999963,
        "min": 192.6195000000007,
        "max": 203.5228999999963,
        "ci95": [
          195.0672211922922,
          196.41271080770366
        ]
      },
      "onChainVerify": {
        "mean": 0.021363999999739463,
        "stdev": 0.007254717255299654,
        "p50": 0.019199999995180406,
        "p95": 0.037800000005518086,
        "p99": 0.056900000003224704
      },
      "storageOverhead": 3.9144,
      "allRecoveriesMatch": true
    },
    {
      "config": "3-of-3 (all online)",
      "batchSize": "100KB",
      "batchSizeBytes": 100000,
      "fieldElements": 3226,
      "shareGeneration": {
        "mean": 52.37450999999904,
        "stdev": 2.7364627623809787,